{
  "name": {
    "dc": 34.87,
    "metadata": 218338625.82562163,
    "port_info": 115678.54293281544,
    "instance": -2.5718466631186314,
    "floating_ips": 1662633735
  }
}
